name	mode	font	group	codepoint	accept_unicode
 	text	main	spacing	U+00A0	0
!	math	main	close	U+0021	0
'	text	main	textord	U+2019	1
''	text	main	textord	U+201D	1
*	math	main	bin	U+2217	1
+	math	main	bin	U+002B	0
,	math	main	punct	U+002C	0
-	math	main	bin	U+2212	1
--	text	main	textord	U+2013	1
---	text	main	textord	U+2014	1
:	math	main	rel	U+003A	0
;	math	main	punct	U+003B	0
=	math	main	rel	U+003D	0
?	math	main	close	U+003F	0
\ 	math	main	spacing	U+00A0	0
\ 	text	main	spacing	U+00A0	0
\"	text	main	accent-token	U+00A8	0
\#	math	main	textord	U+0023	0
\#	text	main	textord	U+0023	0
\$	math	main	textord	U+0024	0
\$	text	main	textord	U+0024	0
\%	math	main	textord	U+0025	0
\%	text	main	textord	U+0025	0
\&	math	main	textord	U+0026	0
\&	text	main	textord	U+0026	0
\'	text	main	accent-token	U+02CA	0
\.	text	main	accent-token	U+02D9	0
\=	text	main	accent-token	U+02C9	0
\@cdots	math	main	inner	U+22EF	1
\@gvertneqq	math	ams	rel	U+E00D	0
\@imath	math	main	mathord	U+E131	0
\@jmath	math	main	mathord	U+E237	0
\@llcorner	math	ams	open	U+2514	1
\@lrcorner	math	ams	close	U+2518	1
\@lvertneqq	math	ams	rel	U+E00C	0
\@ngeqq	math	ams	rel	U+E00E	0
\@ngeqslant	math	ams	rel	U+E00F	0
\@nleqq	math	ams	rel	U+E011	0
\@nleqslant	math	ams	rel	U+E010	0
\@not	math	main	rel	U+E020	0
\@nshortmid	math	ams	rel	U+E006	0
\@nshortparallel	math	ams	rel	U+E007	0
\@nsubseteqq	math	ams	rel	U+E016	0
\@nsupseteqq	math	ams	rel	U+E018	0
\@ulcorner	math	ams	open	U+250C	1
\@urcorner	math	ams	close	U+2510	1
\@varsubsetneq	math	ams	rel	U+E01A	0
\@varsubsetneqq	math	ams	rel	U+E017	0
\@varsupsetneq	math	ams	rel	U+E01B	0
\@varsupsetneqq	math	ams	rel	U+E019	0
\AE	text	main	textord	U+00C6	1
\And	math	main	bin	U+0026	0
\Box	math	ams	textord	U+25A1	0
\Bumpeq	math	ams	rel	U+224E	1
\Cap	math	ams	bin	U+22D2	1
\Cup	math	ams	bin	U+22D3	1
\Delta	math	main	textord	U+0394	1
\Diamond	math	ams	textord	U+25CA	0
\Doteq	math	ams	rel	U+2251	1
\Downarrow	math	main	rel	U+21D3	1
\Finv	math	ams	textord	U+2132	1
\Game	math	ams	textord	U+2141	1
\Gamma	math	main	textord	U+0393	1
\H	text	main	accent-token	U+02DD	0
\Im	math	main	textord	U+2111	1
\Join	math	main	rel	U+22C8	0
\Lambda	math	main	textord	U+039B	1
\Leftarrow	math	main	rel	U+21D0	1
\Leftrightarrow	math	main	rel	U+21D4	1
\Lleftarrow	math	ams	rel	U+21DA	1
\Longleftarrow	math	main	rel	U+27F8	1
\Longleftrightarrow	math	main	rel	U+27FA	1
\Longrightarrow	math	main	rel	U+27F9	1
\Lsh	math	ams	rel	U+21B0	1
\O	text	main	textord	U+00D8	1
\OE	text	main	textord	U+0152	1
\Omega	math	main	textord	U+03A9	1
\P	math	main	textord	U+00B6	1
\P	text	main	textord	U+00B6	0
\Phi	math	main	textord	U+03A6	1
\Pi	math	main	textord	U+03A0	1
\Psi	math	main	textord	U+03A8	1
\Re	math	main	textord	U+211C	1
\Rightarrow	math	main	rel	U+21D2	1
\Rrightarrow	math	ams	rel	U+21DB	1
\Rsh	math	ams	rel	U+21B1	1
\S	math	main	textord	U+00A7	1
\S	text	main	textord	U+00A7	0
\Sigma	math	main	textord	U+03A3	1
\Subset	math	ams	rel	U+22D0	1
\Supset	math	ams	rel	U+22D1	1
\Theta	math	main	textord	U+0398	1
\Uparrow	math	main	rel	U+21D1	1
\Updownarrow	math	main	rel	U+21D5	1
\Upsilon	math	main	textord	U+03A5	1
\Vdash	math	ams	rel	U+22A9	1
\Vert	math	main	textord	U+2225	0
\Vvdash	math	ams	rel	U+22AA	1
\Xi	math	main	textord	U+039E	1
\^	text	main	accent-token	U+02C6	0
\_	math	main	textord	U+005F	0
\_	text	main	textord	U+005F	0
\`	text	main	accent-token	U+02CB	0
\acute	math	main	accent-token	U+02CA	0
\ae	text	main	textord	U+00E6	1
\aleph	math	main	textord	U+2135	1
\allowbreak	math	main	spacing		0
\alpha	math	main	mathord	U+03B1	1
\amalg	math	main	bin	U+2A3F	0
\angle	math	main	textord	U+2220	1
\approx	math	main	rel	U+2248	1
\approxeq	math	ams	rel	U+224A	1
\ast	math	main	bin	U+2217	0
\asymp	math	main	rel	U+224D	1
\backepsilon	math	ams	rel	U+220D	0
\backprime	math	ams	textord	U+2035	0
\backsim	math	ams	rel	U+223D	1
\backsimeq	math	ams	rel	U+22CD	1
\backslash	math	main	textord	U+005C	0
\bar	math	main	accent-token	U+02C9	0
\barwedge	math	ams	bin	U+22BC	1
\because	math	ams	rel	U+2235	1
\beta	math	main	mathord	U+03B2	1
\beth	math	ams	textord	U+2136	1
\between	math	ams	rel	U+226C	1
\bigcap	math	main	op-token	U+22C2	0
\bigcirc	math	main	bin	U+25EF	1
\bigcup	math	main	op-token	U+22C3	0
\bigodot	math	main	op-token	U+2A00	0
\bigoplus	math	main	op-token	U+2A01	0
\bigotimes	math	main	op-token	U+2A02	0
\bigsqcup	math	main	op-token	U+2A06	0
\bigstar	math	ams	textord	U+2605	0
\bigtriangledown	math	main	bin	U+25BD	0
\bigtriangleup	math	main	bin	U+25B3	0
\biguplus	math	main	op-token	U+2A04	0
\bigvee	math	main	op-token	U+22C1	0
\bigwedge	math	main	op-token	U+22C0	0
\blacklozenge	math	ams	textord	U+29EB	0
\blacksquare	math	ams	textord	U+25A0	0
\blacktriangle	math	ams	textord	U+25B2	0
\blacktriangledown	math	ams	textord	U+25BC	0
\blacktriangleleft	math	ams	rel	U+25C0	0
\blacktriangleright	math	ams	rel	U+25B6	0
\bot	math	main	textord	U+22A5	0
\bowtie	math	main	rel	U+22C8	1
\boxdot	math	ams	bin	U+22A1	1
\boxminus	math	ams	bin	U+229F	1
\boxplus	math	ams	bin	U+229E	1
\boxtimes	math	ams	bin	U+22A0	1
\breve	math	main	accent-token	U+02D8	0
\bullet	math	main	bin	U+2219	1
\bumpeq	math	ams	rel	U+224F	1
\c	text	main	accent-token	U+00B8	0
\cap	math	main	bin	U+2229	1
\cdot	math	main	bin	U+22C5	1
\cdotp	math	main	punct	U+22C5	0
\centerdot	math	ams	bin	U+22C5	0
\check	math	main	accent-token	U+02C7	0
\checkmark	math	ams	textord	U+2713	1
\checkmark	text	ams	textord	U+2713	0
\chi	math	main	mathord	U+03C7	1
\circ	math	main	bin	U+2218	1
\circeq	math	ams	rel	U+2257	1
\circlearrowleft	math	ams	rel	U+21BA	1
\circlearrowright	math	ams	rel	U+21BB	1
\circledR	math	ams	textord	U+00AE	0
\circledR	text	ams	textord	U+00AE	0
\circledS	math	ams	textord	U+24C8	0
\circledast	math	ams	bin	U+229B	1
\circledcirc	math	ams	bin	U+229A	1
\circleddash	math	ams	bin	U+229D	1
\clubsuit	math	main	textord	U+2663	1
\complement	math	ams	textord	U+2201	1
\cong	math	main	rel	U+2245	1
\coprod	math	main	op-token	U+2210	0
\cup	math	main	bin	U+222A	1
\curlyeqprec	math	ams	rel	U+22DE	1
\curlyeqsucc	math	ams	rel	U+22DF	1
\curlyvee	math	ams	bin	U+22CE	1
\curlywedge	math	ams	bin	U+22CF	1
\curvearrowleft	math	ams	rel	U+21B6	1
\curvearrowright	math	ams	rel	U+21B7	1
\dag	math	main	textord	U+2020	0
\dag	text	main	textord	U+2020	0
\dagger	math	main	bin	U+2020	0
\daleth	math	ams	textord	U+2138	1
\dashleftarrow	math	ams	rel	U+21E0	1
\dashrightarrow	math	ams	rel	U+21E2	1
\dashv	math	main	rel	U+22A3	1
\ddag	math	main	textord	U+2021	0
\ddag	text	main	textord	U+2021	0
\ddagger	math	main	bin	U+2021	0
\ddot	math	main	accent-token	U+00A8	0
\ddots	math	main	inner	U+22F1	1
\degree	math	main	textord	U+00B0	1
\degree	text	main	textord	U+00B0	0
\delta	math	main	mathord	U+03B4	1
\diagdown	math	ams	textord	U+2572	0
\diagup	math	ams	textord	U+2571	0
\diamond	math	main	bin	U+22C4	0
\diamondsuit	math	main	textord	U+2662	1
\digamma	math	ams	textord	U+03DD	1
\div	math	main	bin	U+00F7	1
\divideontimes	math	ams	bin	U+22C7	1
\dot	math	main	accent-token	U+02D9	0
\doteq	math	main	rel	U+2250	1
\doteqdot	math	ams	rel	U+2251	0
\dotplus	math	ams	bin	U+2214	1
\doublebarwedge	math	ams	bin	U+2A5E	1
\doublecap	math	ams	bin	U+22D2	0
\doublecup	math	ams	bin	U+22D3	0
\downarrow	math	main	rel	U+2193	1
\downdownarrows	math	ams	rel	U+21CA	1
\downharpoonleft	math	ams	rel	U+21C3	1
\downharpoonright	math	ams	rel	U+21C2	1
\ell	math	main	textord	U+2113	1
\emptyset	math	main	textord	U+2205	0
\epsilon	math	main	mathord	U+03F5	1
\eqcirc	math	ams	rel	U+2256	1
\eqsim	math	ams	rel	U+2242	1
\eqslantgtr	math	ams	rel	U+2A96	1
\eqslantless	math	ams	rel	U+2A95	1
\equiv	math	main	rel	U+2261	1
\eta	math	main	mathord	U+03B7	1
\eth	math	ams	textord	U+00F0	1
\exists	math	main	textord	U+2203	1
\fallingdotseq	math	ams	rel	U+2252	1
\flat	math	main	textord	U+266D	1
\forall	math	main	textord	U+2200	1
\frown	math	main	rel	U+2322	1
\gamma	math	main	mathord	U+03B3	1
\ge	math	main	rel	U+2265	0
\geq	math	main	rel	U+2265	1
\geqq	math	ams	rel	U+2267	1
\geqslant	math	ams	rel	U+2A7E	1
\gets	math	main	rel	U+2190	0
\gg	math	main	rel	U+226B	1
\ggg	math	ams	rel	U+22D9	1
\gggtr	math	ams	rel	U+22D9	0
\gimel	math	ams	textord	U+2137	1
\gnapprox	math	ams	rel	U+2A8A	1
\gneq	math	ams	rel	U+2A88	1
\gneqq	math	ams	rel	U+2269	1
\gnsim	math	ams	rel	U+22E7	1
\grave	math	main	accent-token	U+02CB	0
\gt	math	main	rel	U+003E	1
\gtrapprox	math	ams	rel	U+2A86	1
\gtrdot	math	ams	bin	U+22D7	0
\gtreqless	math	ams	rel	U+22DB	1
\gtreqqless	math	ams	rel	U+2A8C	1
\gtrless	math	ams	rel	U+2277	1
\gtrsim	math	ams	rel	U+2273	1
\hat	math	main	accent-token	U+005E	0
\hbar	math	main	textord	U+210F	1
\heartsuit	math	main	textord	U+2661	1
\hookleftarrow	math	main	rel	U+21A9	1
\hookrightarrow	math	main	rel	U+21AA	1
\hslash	math	ams	textord	U+210F	0
\i	text	main	textord	U+0131	1
\iiint	math	main	op-token	U+222D	0
\iint	math	main	op-token	U+222C	0
\imageof	math	main	rel	U+22B7	1
\in	math	main	rel	U+2208	1
\infty	math	main	textord	U+221E	1
\int	math	main	op-token	U+222B	0
\intercal	math	ams	bin	U+22BA	1
\intop	math	main	op-token	U+222B	0
\iota	math	main	mathord	U+03B9	1
\j	text	main	textord	U+0237	1
\kappa	math	main	mathord	U+03BA	1
\lVert	math	main	open	U+2225	0
\lambda	math	main	mathord	U+03BB	1
\land	math	main	bin	U+2227	0
\langle	math	main	open	U+27E8	1
\lbrace	math	main	open	U+007B	0
\lbrack	math	main	open	U+005B	1
\lbrack	text	main	textord	U+005B	1
\lceil	math	main	open	U+2308	1
\ldotp	math	main	punct	U+002E	0
\ldots	math	main	inner	U+2026	1
\ldots	text	main	inner	U+2026	1
\le	math	main	rel	U+2264	0
\leadsto	math	ams	rel	U+21DD	0
\leftarrow	math	main	rel	U+2190	1
\leftarrowtail	math	ams	rel	U+21A2	1
\leftharpoondown	math	main	rel	U+21BD	1
\leftharpoonup	math	main	rel	U+21BC	1
\leftleftarrows	math	ams	rel	U+21C7	1
\leftrightarrow	math	main	rel	U+2194	1
\leftrightarrows	math	ams	rel	U+21C6	1
\leftrightharpoons	math	ams	rel	U+21CB	1
\leftrightsquigarrow	math	ams	rel	U+21AD	1
\leftthreetimes	math	ams	bin	U+22CB	1
\leq	math	main	rel	U+2264	1
\leqq	math	ams	rel	U+2266	1
\leqslant	math	ams	rel	U+2A7D	1
\lessapprox	math	ams	rel	U+2A85	1
\lessdot	math	ams	bin	U+22D6	0
\lesseqgtr	math	ams	rel	U+22DA	1
\lesseqqgtr	math	ams	rel	U+2A8B	1
\lessgtr	math	ams	rel	U+2276	1
\lesssim	math	ams	rel	U+2272	1
\lfloor	math	main	open	U+230A	1
\lgroup	math	main	open	U+27EE	1
\lhd	math	ams	bin	U+22B2	0
\ll	math	main	rel	U+226A	1
\lll	math	ams	rel	U+22D8	1
\llless	math	ams	rel	U+22D8	0
\lmoustache	math	main	open	U+23B0	1
\lnapprox	math	ams	rel	U+2A89	1
\lneq	math	ams	rel	U+2A87	1
\lneqq	math	ams	rel	U+2268	1
\lnot	math	main	textord	U+00AC	0
\lnsim	math	ams	rel	U+22E6	1
\longleftarrow	math	main	rel	U+27F5	1
\longleftrightarrow	math	main	rel	U+27F7	1
\longmapsto	math	main	rel	U+27FC	1
\longrightarrow	math	main	rel	U+27F6	1
\looparrowleft	math	ams	rel	U+21AB	1
\looparrowright	math	ams	rel	U+21AC	1
\lor	math	main	bin	U+2228	0
\lozenge	math	ams	textord	U+25CA	0
\lparen	math	main	open	U+0028	1
\lt	math	main	rel	U+003C	1
\ltimes	math	ams	bin	U+22C9	1
\lvert	math	main	open	U+2223	0
\maltese	math	ams	textord	U+2720	0
\maltese	text	ams	textord	U+2720	0
\mapsto	math	main	rel	U+21A6	1
\mathellipsis	math	main	inner	U+2026	0
\mathring	math	main	accent-token	U+02DA	0
\mathsterling	math	main	textord	U+00A3	1
\measuredangle	math	ams	textord	U+2221	1
\mho	math	ams	textord	U+2127	0
\mid	math	main	rel	U+2223	1
\models	math	main	rel	U+22A8	0
\mp	math	main	bin	U+2213	1
\mu	math	main	mathord	U+03BC	1
\multimap	math	ams	rel	U+22B8	1
\nLeftarrow	math	ams	rel	U+21CD	1
\nLeftrightarrow	math	ams	rel	U+21CE	1
\nRightarrow	math	ams	rel	U+21CF	1
\nVDash	math	ams	rel	U+22AF	1
\nVdash	math	ams	rel	U+22AE	1
\nabla	math	main	textord	U+2207	1
\natural	math	main	textord	U+266E	1
\ncong	math	ams	rel	U+2246	1
\nearrow	math	main	rel	U+2197	1
\neg	math	main	textord	U+00AC	1
\nexists	math	ams	textord	U+2204	0
\ngeq	math	ams	rel	U+2271	1
\ngtr	math	ams	rel	U+226F	1
\ni	math	main	rel	U+220B	1
\nleftarrow	math	ams	rel	U+219A	1
\nleftrightarrow	math	ams	rel	U+21AE	1
\nleq	math	ams	rel	U+2270	1
\nless	math	ams	rel	U+226E	1
\nmid	math	ams	rel	U+2224	1
\nobreak	math	main	spacing		0
\nobreakspace	math	main	spacing	U+00A0	0
\nobreakspace	text	main	spacing	U+00A0	0
\nparallel	math	ams	rel	U+2226	1
\nprec	math	ams	rel	U+2280	1
\npreceq	math	ams	rel	U+22E0	1
\nrightarrow	math	ams	rel	U+219B	1
\nsim	math	ams	rel	U+2241	1
\nsubseteq	math	ams	rel	U+2288	1
\nsucc	math	ams	rel	U+2281	1
\nsucceq	math	ams	rel	U+22E1	1
\nsupseteq	math	ams	rel	U+2289	1
\ntriangleleft	math	ams	rel	U+22EA	0
\ntrianglelefteq	math	ams	rel	U+22EC	1
\ntriangleright	math	ams	rel	U+22EB	0
\ntrianglerighteq	math	ams	rel	U+22ED	1
\nu	math	main	mathord	U+03BD	1
\nvDash	math	ams	rel	U+22AD	1
\nvdash	math	ams	rel	U+22AC	1
\nwarrow	math	main	rel	U+2196	1
\o	text	main	textord	U+00F8	1
\odot	math	main	bin	U+2299	1
\oe	text	main	textord	U+0153	1
\oiiint	math	main	op-token	U+2230	0
\oiint	math	main	op-token	U+222F	0
\oint	math	main	op-token	U+222E	0
\omega	math	main	mathord	U+03C9	1
\omicron	math	main	mathord	U+03BF	1
\ominus	math	main	bin	U+2296	1
\oplus	math	main	bin	U+2295	1
\origof	math	main	rel	U+22B6	1
\oslash	math	main	bin	U+2298	1
\otimes	math	main	bin	U+2297	1
\owns	math	main	rel	U+220B	0
\parallel	math	main	rel	U+2225	0
\partial	math	main	textord	U+2202	1
\perp	math	main	rel	U+22A5	0
\phi	math	main	mathord	U+03D5	1
\pi	math	main	mathord	U+03C0	1
\pitchfork	math	ams	rel	U+22D4	1
\pm	math	main	bin	U+00B1	1
\pounds	math	main	textord	U+00A3	0
\pounds	text	main	textord	U+00A3	0
\prec	math	main	rel	U+227A	1
\precapprox	math	ams	rel	U+2AB7	1
\preccurlyeq	math	ams	rel	U+227C	1
\preceq	math	main	rel	U+2AAF	1
\precnapprox	math	ams	rel	U+2AB9	1
\precneqq	math	ams	rel	U+2AB5	1
\precnsim	math	ams	rel	U+22E8	1
\precsim	math	ams	rel	U+227E	1
\prime	math	main	textord	U+2032	0
\prod	math	main	op-token	U+220F	0
\propto	math	main	rel	U+221D	1
\psi	math	main	mathord	U+03C8	1
\r	text	main	accent-token	U+02DA	0
\rVert	math	main	close	U+2225	0
\rangle	math	main	close	U+27E9	1
\rbrace	math	main	close	U+007D	0
\rbrack	math	main	close	U+005D	1
\rbrack	text	main	textord	U+005D	1
\rceil	math	main	close	U+2309	1
\restriction	math	ams	rel	U+21BE	0
\rfloor	math	main	close	U+230B	1
\rgroup	math	main	close	U+27EF	1
\rhd	math	ams	bin	U+22B3	0
\rho	math	main	mathord	U+03C1	1
\rightarrow	math	main	rel	U+2192	1
\rightarrowtail	math	ams	rel	U+21A3	1
\rightharpoondown	math	main	rel	U+21C1	1
\rightharpoonup	math	main	rel	U+21C0	1
\rightleftarrows	math	ams	rel	U+21C4	1
\rightleftharpoons	math	main	rel	U+21CC	1
\rightrightarrows	math	ams	rel	U+21C9	1
\rightsquigarrow	math	ams	rel	U+21DD	1
\rightthreetimes	math	ams	bin	U+22CC	1
\risingdotseq	math	ams	rel	U+2253	1
\rmoustache	math	main	close	U+23B1	1
\rparen	math	main	close	U+0029	1
\rtimes	math	ams	bin	U+22CA	1
\rvert	math	main	close	U+2223	0
\searrow	math	main	rel	U+2198	1
\setminus	math	main	bin	U+2216	1
\sharp	math	main	textord	U+266F	1
\shortmid	math	ams	rel	U+2223	0
\shortparallel	math	ams	rel	U+2225	0
\sigma	math	main	mathord	U+03C3	1
\sim	math	main	rel	U+223C	1
\simeq	math	main	rel	U+2243	1
\smallfrown	math	ams	rel	U+2322	0
\smallint	math	main	op-token	U+222B	0
\smallsetminus	math	ams	bin	U+2216	0
\smallsmile	math	ams	rel	U+2323	0
\smile	math	main	rel	U+2323	1
\space	math	main	spacing	U+00A0	0
\space	text	main	spacing	U+00A0	0
\spadesuit	math	main	textord	U+2660	1
\sphericalangle	math	ams	textord	U+2222	1
\sqcap	math	main	bin	U+2293	1
\sqcup	math	main	bin	U+2294	1
\sqsubset	math	ams	rel	U+228F	1
\sqsubseteq	math	main	rel	U+2291	1
\sqsupset	math	ams	rel	U+2290	1
\sqsupseteq	math	main	rel	U+2292	1
\square	math	ams	textord	U+25A1	0
\ss	text	main	textord	U+00DF	1
\star	math	main	bin	U+22C6	0
\subset	math	main	rel	U+2282	1
\subseteq	math	main	rel	U+2286	1
\subseteqq	math	ams	rel	U+2AC5	1
\subsetneq	math	ams	rel	U+228A	1
\subsetneqq	math	ams	rel	U+2ACB	1
\succ	math	main	rel	U+227B	1
\succapprox	math	ams	rel	U+2AB8	1
\succcurlyeq	math	ams	rel	U+227D	1
\succeq	math	main	rel	U+2AB0	1
\succnapprox	math	ams	rel	U+2ABA	1
\succneqq	math	ams	rel	U+2AB6	1
\succnsim	math	ams	rel	U+22E9	1
\succsim	math	ams	rel	U+227F	1
\sum	math	main	op-token	U+2211	0
\supset	math	main	rel	U+2283	1
\supseteq	math	main	rel	U+2287	1
\supseteqq	math	ams	rel	U+2AC6	1
\supsetneq	math	ams	rel	U+228B	1
\supsetneqq	math	ams	rel	U+2ACC	1
\surd	math	main	textord	U+221A	0
\swarrow	math	main	rel	U+2199	1
\tau	math	main	mathord	U+03C4	1
\textasciicircum	text	main	textord	U+005E	0
\textasciitilde	text	main	textord	U+007E	0
\textbackslash	text	main	textord	U+005C	0
\textbar	text	main	textord	U+007C	1
\textbardbl	text	main	textord	U+2225	0
\textbraceleft	text	main	textord	U+007B	0
\textbraceright	text	main	textord	U+007D	0
\textcircled	text	main	accent-token	U+25EF	0
\textdagger	text	main	textord	U+2020	0
\textdaggerdbl	text	main	textord	U+2021	0
\textdegree	text	main	textord	U+00B0	1
\textdollar	text	main	textord	U+0024	0
\textellipsis	text	main	inner	U+2026	0
\textemdash	text	main	textord	U+2014	0
\textendash	text	main	textord	U+2013	0
\textgreater	text	main	textord	U+003E	1
\textless	text	main	textord	U+003C	1
\textquotedblleft	text	main	textord	U+201C	0
\textquotedblright	text	main	textord	U+201D	0
\textquoteleft	text	main	textord	U+2018	0
\textquoteright	text	main	textord	U+2019	0
\textsterling	text	main	textord	U+00A3	1
\textunderscore	text	main	textord	U+005F	0
\therefore	math	ams	rel	U+2234	1
\theta	math	main	mathord	U+03B8	1
\thickapprox	math	ams	rel	U+2248	0
\thicksim	math	ams	rel	U+223C	0
\tilde	math	main	accent-token	U+007E	0
\times	math	main	bin	U+00D7	1
\to	math	main	rel	U+2192	0
\top	math	main	textord	U+22A4	0
\triangle	math	main	textord	U+25B3	0
\triangledown	math	ams	textord	U+25BD	0
\triangleleft	math	main	bin	U+25C3	0
\trianglelefteq	math	ams	rel	U+22B4	0
\triangleq	math	ams	rel	U+225C	1
\triangleright	math	main	bin	U+25B9	0
\trianglerighteq	math	ams	rel	U+22B5	0
\twoheadleftarrow	math	ams	rel	U+219E	1
\twoheadrightarrow	math	ams	rel	U+21A0	1
\u	text	main	accent-token	U+02D8	0
\unlhd	math	ams	bin	U+22B4	0
\unrhd	math	ams	bin	U+22B5	0
\uparrow	math	main	rel	U+2191	1
\updownarrow	math	main	rel	U+2195	1
\upharpoonleft	math	ams	rel	U+21BF	1
\upharpoonright	math	ams	rel	U+21BE	1
\uplus	math	main	bin	U+228E	1
\upsilon	math	main	mathord	U+03C5	1
\upuparrows	math	ams	rel	U+21C8	1
\v	text	main	accent-token	U+02C7	0
\vDash	math	ams	rel	U+22A8	1
\varepsilon	math	main	mathord	U+03B5	1
\varkappa	math	ams	textord	U+03F0	0
\varnothing	math	ams	textord	U+2205	0
\varphi	math	main	mathord	U+03C6	1
\varpi	math	main	mathord	U+03D6	1
\varpropto	math	ams	rel	U+221D	0
\varrho	math	main	mathord	U+03F1	1
\varsigma	math	main	mathord	U+03C2	1
\vartheta	math	main	mathord	U+03D1	1
\vartriangle	math	ams	rel	U+25B3	0
\vartriangleleft	math	ams	rel	U+22B2	0
\vartriangleright	math	ams	rel	U+22B3	0
\varvdots	math	main	textord	U+22EE	0
\varvdots	text	main	textord	U+22EE	0
\vdash	math	main	rel	U+22A2	1
\vec	math	main	accent-token	U+20D7	0
\vee	math	main	bin	U+2228	1
\veebar	math	ams	bin	U+22BB	1
\vert	math	main	textord	U+2223	0
\wedge	math	main	bin	U+2227	1
\wp	math	main	textord	U+2118	1
\wr	math	main	bin	U+2240	1
\xi	math	main	mathord	U+03BE	1
\yen	math	ams	textord	U+00A5	1
\yen	text	ams	textord	U+00A5	1
\zeta	math	main	mathord	U+03B6	1
\{	math	main	open	U+007B	0
\{	text	main	textord	U+007B	0
\|	math	main	textord	U+2225	0
\}	math	main	close	U+007D	0
\}	text	main	textord	U+007D	0
\~	text	main	accent-token	U+02DC	0
`	math	main	textord	U+2018	0
`	text	main	textord	U+2018	1
``	text	main	textord	U+201C	1
|	math	main	textord	U+2223	0
·	math	main	punct	U+22C5	0
·	text	main	textord	U+22C5	0
ð	text	main	textord	U+00F0	0
ı	math	main	textord	U+0131	0
ȷ	math	main	textord	U+0237	0
Α	math	main	textord	U+0041	0
Β	math	main	textord	U+0042	0
Ε	math	main	textord	U+0045	0
Ζ	math	main	textord	U+005A	0
Η	math	main	textord	U+0048	0
Ι	math	main	textord	U+0049	0
Κ	math	main	textord	U+004B	0
Μ	math	main	textord	U+004D	0
Ν	math	main	textord	U+004E	0
Ο	math	main	textord	U+004F	0
Ρ	math	main	textord	U+0050	0
Τ	math	main	textord	U+0054	0
Χ	math	main	textord	U+0058	0
ℂ	math	ams	textord	U+0043	0
ℂ	text	ams	textord	U+0043	0
ℍ	math	ams	textord	U+0048	0
ℍ	text	ams	textord	U+0048	0
ℎ	math	main	mathord	U+0068	0
ℎ	text	main	mathord	U+0068	0
ℕ	math	ams	textord	U+004E	0
ℕ	text	ams	textord	U+004E	0
ℙ	math	ams	textord	U+0050	0
ℙ	text	ams	textord	U+0050	0
ℚ	math	ams	textord	U+0051	0
ℚ	text	ams	textord	U+0051	0
ℝ	math	ams	textord	U+0052	0
ℝ	text	ams	textord	U+0052	0
ℤ	math	ams	textord	U+005A	0
ℤ	text	ams	textord	U+005A	0
