name	kind	source
$	function	src/functions/math.ts
Bmatrix	environment	src/environments/array.ts
Bmatrix*	environment	src/environments/array.ts
CD	environment	src/environments/array.ts
Vmatrix	environment	src/environments/array.ts
Vmatrix*	environment	src/environments/array.ts
\"	function	src/functions/accent.ts
\'	function	src/functions/accent.ts
\(	function	src/functions/math.ts
\)	function	src/functions/math.ts
\.	function	src/functions/accent.ts
\=	function	src/functions/accent.ts
\@binrel	function	src/functions/mclass.ts
\@char	function	src/functions/char.ts
\Bbb	function	src/functions/font.ts
\Big	function	src/functions/delimsizing.ts
\Bigg	function	src/functions/delimsizing.ts
\Biggl	function	src/functions/delimsizing.ts
\Biggm	function	src/functions/delimsizing.ts
\Biggr	function	src/functions/delimsizing.ts
\Bigl	function	src/functions/delimsizing.ts
\Bigm	function	src/functions/delimsizing.ts
\Bigr	function	src/functions/delimsizing.ts
\H	function	src/functions/accent.ts
\Overrightarrow	function	src/functions/accent.ts
\Pr	function	src/functions/op.ts
\\	function	src/functions/cr.ts
\\abovefrac	function	src/functions/genfrac.ts
\\atopfrac	function	src/functions/genfrac.ts
\\bracefrac	function	src/functions/genfrac.ts
\\brackfrac	function	src/functions/genfrac.ts
\\cdleft	function	src/environments/cd.ts
\\cdleftarrow	function	src/functions/arrow.ts
\\cdlongequal	function	src/functions/arrow.ts
\\cdparent	function	src/environments/cd.ts
\\cdright	function	src/environments/cd.ts
\\cdrightarrow	function	src/functions/arrow.ts
\\globalfuture	function	src/functions/def.ts
\\globallet	function	src/functions/def.ts
\\globallong	function	src/functions/def.ts
\]	function	src/functions/math.ts
\^	function	src/functions/accent.ts
\`	function	src/functions/accent.ts
\above	function	src/functions/genfrac.ts
\acute	function	src/functions/accent.ts
\angl	function	src/functions/enclose.ts
\arccos	function	src/functions/op.ts
\arcctg	function	src/functions/op.ts
\arcsin	function	src/functions/op.ts
\arctan	function	src/functions/op.ts
\arctg	function	src/functions/op.ts
\arg	function	src/functions/op.ts
\atop	function	src/functions/genfrac.ts
\bar	function	src/functions/accent.ts
\bcancel	function	src/functions/enclose.ts
\begin	function	src/functions/environment.ts
\bf	function	src/functions/font.ts
\big	function	src/functions/delimsizing.ts
\bigcap	function	src/functions/op.ts
\bigcup	function	src/functions/op.ts
\bigg	function	src/functions/delimsizing.ts
\biggl	function	src/functions/delimsizing.ts
\biggm	function	src/functions/delimsizing.ts
\biggr	function	src/functions/delimsizing.ts
\bigl	function	src/functions/delimsizing.ts
\bigm	function	src/functions/delimsizing.ts
\bigodot	function	src/functions/op.ts
\bigoplus	function	src/functions/op.ts
\bigotimes	function	src/functions/op.ts
\bigr	function	src/functions/delimsizing.ts
\bigsqcup	function	src/functions/op.ts
\biguplus	function	src/functions/op.ts
\bigvee	function	src/functions/op.ts
\bigwedge	function	src/functions/op.ts
\binom	function	src/functions/genfrac.ts
\bm	function	src/functions/font.ts
\bold	function	src/functions/font.ts
\boldsymbol	function	src/functions/font.ts
\brace	function	src/functions/genfrac.ts
\brack	function	src/functions/genfrac.ts
\breve	function	src/functions/accent.ts
\c	function	src/functions/accent.ts
\cal	function	src/functions/font.ts
\cancel	function	src/functions/enclose.ts
\cfrac	function	src/functions/genfrac.ts
\ch	function	src/functions/op.ts
\check	function	src/functions/accent.ts
\choose	function	src/functions/genfrac.ts
\color	function	src/functions/color.ts
\colorbox	function	src/functions/enclose.ts
\coprod	function	src/functions/op.ts
\cos	function	src/functions/op.ts
\cosec	function	src/functions/op.ts
\cosh	function	src/functions/op.ts
\cot	function	src/functions/op.ts
\cotg	function	src/functions/op.ts
\coth	function	src/functions/op.ts
\csc	function	src/functions/op.ts
\ctg	function	src/functions/op.ts
\cth	function	src/functions/op.ts
\dbinom	function	src/functions/genfrac.ts
\ddot	function	src/functions/accent.ts
\def	function	src/functions/def.ts
\deg	function	src/functions/op.ts
\det	function	src/functions/op.ts
\dfrac	function	src/functions/genfrac.ts
\dim	function	src/functions/op.ts
\displaystyle	function	src/functions/styling.ts
\dot	function	src/functions/accent.ts
\edef	function	src/functions/def.ts
\emph	function	src/functions/text.ts
\end	function	src/functions/environment.ts
\exp	function	src/functions/op.ts
\fbox	function	src/functions/enclose.ts
\fcolorbox	function	src/functions/enclose.ts
\frac	function	src/functions/genfrac.ts
\frak	function	src/functions/font.ts
\futurelet	function	src/functions/def.ts
\gcd	function	src/functions/op.ts
\gdef	function	src/functions/def.ts
\genfrac	function	src/functions/genfrac.ts
\global	function	src/functions/def.ts
\grave	function	src/functions/accent.ts
\hat	function	src/functions/accent.ts
\hbox	function	src/functions/hbox.ts
\hdashline	function	src/environments/array.ts
\hline	function	src/environments/array.ts
\hom	function	src/functions/op.ts
\href	function	src/functions/href.ts
\hskip	function	src/functions/kern.ts
\html@mathml	function	src/functions/htmlmathml.ts
\htmlClass	function	src/functions/html.ts
\htmlData	function	src/functions/html.ts
\htmlId	function	src/functions/html.ts
\htmlStyle	function	src/functions/html.ts
\iiint	function	src/functions/op.ts
\iint	function	src/functions/op.ts
\includegraphics	function	src/functions/includegraphics.ts
\inf	function	src/functions/op.ts
\int	function	src/functions/op.ts
\intop	function	src/functions/op.ts
\it	function	src/functions/font.ts
\ker	function	src/functions/op.ts
\kern	function	src/functions/kern.ts
\left	function	src/functions/delimsizing.ts
\let	function	src/functions/def.ts
\lg	function	src/functions/op.ts
\lim	function	src/functions/op.ts
\ln	function	src/functions/op.ts
\log	function	src/functions/op.ts
\long	function	src/functions/def.ts
\mathbb	function	src/functions/font.ts
\mathbf	function	src/functions/font.ts
\mathbin	function	src/functions/mclass.ts
\mathcal	function	src/functions/font.ts
\mathchoice	function	src/functions/mathchoice.ts
\mathclap	function	src/functions/lap.ts
\mathclose	function	src/functions/mclass.ts
\mathfrak	function	src/functions/font.ts
\mathinner	function	src/functions/mclass.ts
\mathit	function	src/functions/font.ts
\mathllap	function	src/functions/lap.ts
\mathnormal	function	src/functions/font.ts
\mathop	function	src/functions/op.ts
\mathopen	function	src/functions/mclass.ts
\mathord	function	src/functions/mclass.ts
\mathpunct	function	src/functions/mclass.ts
\mathreflectbox	function	src/functions/reflectbox.ts
\mathrel	function	src/functions/mclass.ts
\mathring	function	src/functions/accent.ts
\mathrlap	function	src/functions/lap.ts
\mathrm	function	src/functions/font.ts
\mathscr	function	src/functions/font.ts
\mathsf	function	src/functions/font.ts
\mathsfit	function	src/functions/font.ts
\mathtt	function	src/functions/font.ts
\max	function	src/functions/op.ts
\middle	function	src/functions/delimsizing.ts
\min	function	src/functions/op.ts
\mkern	function	src/functions/kern.ts
\mskip	function	src/functions/kern.ts
\oiiint	function	src/functions/op.ts
\oiint	function	src/functions/op.ts
\oint	function	src/functions/op.ts
\operatorname@	function	src/functions/operatorname.ts
\operatornamewithlimits	function	src/functions/operatorname.ts
\over	function	src/functions/genfrac.ts
\overbrace	function	src/functions/horizBrace.ts
\overbracket	function	src/functions/horizBrace.ts
\overgroup	function	src/functions/accent.ts
\overleftarrow	function	src/functions/accent.ts
\overleftharpoon	function	src/functions/accent.ts
\overleftrightarrow	function	src/functions/accent.ts
\overline	function	src/functions/overline.ts
\overlinesegment	function	src/functions/accent.ts
\overrightarrow	function	src/functions/accent.ts
\overrightharpoon	function	src/functions/accent.ts
\overset	function	src/functions/mclass.ts
\phantom	function	src/functions/phantom.ts
\phase	function	src/functions/enclose.ts
\pmb	function	src/functions/pmb.ts
\prod	function	src/functions/op.ts
\r	function	src/functions/accent.ts
\raisebox	function	src/functions/raisebox.ts
\reflectbox	function	src/functions/reflectbox.ts
\relax	function	src/functions/relax.ts
\right	function	src/functions/delimsizing.ts
\rm	function	src/functions/font.ts
\rule	function	src/functions/rule.ts
\scriptscriptstyle	function	src/functions/styling.ts
\scriptstyle	function	src/functions/styling.ts
\sec	function	src/functions/op.ts
\sf	function	src/functions/font.ts
\sh	function	src/functions/op.ts
\sin	function	src/functions/op.ts
\sinh	function	src/functions/op.ts
\smallint	function	src/functions/op.ts
\smash	function	src/functions/smash.ts
\sout	function	src/functions/enclose.ts
\sqrt	function	src/functions/sqrt.ts
\stackrel	function	src/functions/mclass.ts
\sum	function	src/functions/op.ts
\sup	function	src/functions/op.ts
\tan	function	src/functions/op.ts
\tanh	function	src/functions/op.ts
\tbinom	function	src/functions/genfrac.ts
\text	function	src/functions/text.ts
\textbf	function	src/functions/text.ts
\textcircled	function	src/functions/accent.ts
\textcolor	function	src/functions/color.ts
\textit	function	src/functions/text.ts
\textmd	function	src/functions/text.ts
\textnormal	function	src/functions/text.ts
\textrm	function	src/functions/text.ts
\textsf	function	src/functions/text.ts
\textstyle	function	src/functions/styling.ts
\texttt	function	src/functions/text.ts
\textup	function	src/functions/text.ts
\tfrac	function	src/functions/genfrac.ts
\tg	function	src/functions/op.ts
\th	function	src/functions/op.ts
\tilde	function	src/functions/accent.ts
\tt	function	src/functions/font.ts
\u	function	src/functions/accent.ts
\underbrace	function	src/functions/horizBrace.ts
\underbracket	function	src/functions/horizBrace.ts
\undergroup	function	src/functions/accentunder.ts
\underleftarrow	function	src/functions/accentunder.ts
\underleftrightarrow	function	src/functions/accentunder.ts
\underline	function	src/functions/underline.ts
\underlinesegment	function	src/functions/accentunder.ts
\underrightarrow	function	src/functions/accentunder.ts
\underset	function	src/functions/mclass.ts
\url	function	src/functions/href.ts
\utilde	function	src/functions/accentunder.ts
\v	function	src/functions/accent.ts
\vcenter	function	src/functions/vcenter.ts
\vec	function	src/functions/accent.ts
\verb	function	src/functions/verb.ts
\vphantom	function	src/functions/phantom.ts
\widecheck	function	src/functions/accent.ts
\widehat	function	src/functions/accent.ts
\widetilde	function	src/functions/accent.ts
\xLeftarrow	function	src/functions/arrow.ts
\xLeftrightarrow	function	src/functions/arrow.ts
\xRightarrow	function	src/functions/arrow.ts
\xcancel	function	src/functions/enclose.ts
\xdef	function	src/functions/def.ts
\xhookleftarrow	function	src/functions/arrow.ts
\xhookrightarrow	function	src/functions/arrow.ts
\xleftarrow	function	src/functions/arrow.ts
\xleftequilibrium	function	src/functions/arrow.ts
\xleftharpoondown	function	src/functions/arrow.ts
\xleftharpoonup	function	src/functions/arrow.ts
\xleftrightarrow	function	src/functions/arrow.ts
\xleftrightharpoons	function	src/functions/arrow.ts
\xlongequal	function	src/functions/arrow.ts
\xmapsto	function	src/functions/arrow.ts
\xrightarrow	function	src/functions/arrow.ts
\xrightequilibrium	function	src/functions/arrow.ts
\xrightharpoondown	function	src/functions/arrow.ts
\xrightharpoonup	function	src/functions/arrow.ts
\xrightleftarrows	function	src/functions/arrow.ts
\xrightleftharpoons	function	src/functions/arrow.ts
\xtofrom	function	src/functions/arrow.ts
\xtwoheadleftarrow	function	src/functions/arrow.ts
\xtwoheadrightarrow	function	src/functions/arrow.ts
\~	function	src/functions/accent.ts
align	environment	src/environments/array.ts
align*	environment	src/environments/array.ts
alignat	environment	src/environments/array.ts
alignat*	environment	src/environments/array.ts
aligned	environment	src/environments/array.ts
alignedat	environment	src/environments/array.ts
array	environment	src/environments/array.ts
bmatrix	environment	src/environments/array.ts
bmatrix*	environment	src/environments/array.ts
cases	environment	src/environments/array.ts
darray	environment	src/environments/array.ts
dcases	environment	src/environments/array.ts
drcases	environment	src/environments/array.ts
equation	environment	src/environments/array.ts
equation*	environment	src/environments/array.ts
gather	environment	src/environments/array.ts
gather*	environment	src/environments/array.ts
gathered	environment	src/environments/array.ts
matrix	environment	src/environments/array.ts
matrix*	environment	src/environments/array.ts
pmatrix	environment	src/environments/array.ts
pmatrix*	environment	src/environments/array.ts
rcases	environment	src/environments/array.ts
smallmatrix	environment	src/environments/array.ts
split	environment	src/environments/array.ts
subarray	environment	src/environments/array.ts
vmatrix	environment	src/environments/array.ts
vmatrix*	environment	src/environments/array.ts
∏	function	src/functions/op.ts
∐	function	src/functions/op.ts
∑	function	src/functions/op.ts
∫	function	src/functions/op.ts
∬	function	src/functions/op.ts
∭	function	src/functions/op.ts
∮	function	src/functions/op.ts
∯	function	src/functions/op.ts
∰	function	src/functions/op.ts
⋀	function	src/functions/op.ts
⋁	function	src/functions/op.ts
⋂	function	src/functions/op.ts
⋃	function	src/functions/op.ts
⨀	function	src/functions/op.ts
⨁	function	src/functions/op.ts
⨂	function	src/functions/op.ts
⨄	function	src/functions/op.ts
⨆	function	src/functions/op.ts
